abandon,-
abandonment,-
abate,-
abdicate,-
abhor,-
abide,+
ability,+
abject,-
able,+
abnormal,-
abolish,-
abominable,-
abound,+
abrasive,-
abrupt,-
abscond,-
absence,-
absent,-
absentee,-
absolve,+
absorbent,+
absorption,+
absurd,-
absurdity,-
abundance,+
abundant,+
abuse,-
abyss,-
accede,+
accentuate,+
accept,+
acceptable,+
acceptance,+
accessible,+
accession,+
accident,-
acclaim,+
acclamation,+
accolade,+
accommodate,+
accommodation,+
accompaniment,+
accomplish,+
accomplishment,+
accord,+
accordance,+
accost,-
accountable,+
accrue,+
accuracy,+
accurate,+
accurateness,+
accursed,-
accusation,-
accuse,-
ache,-
achieve,+
achievement,+
acknowledgement,+
acquaint,+
acquaintance,+
acquit,+
acquittal,+
acrimonious,-
acrimony,-
actual,+
actuality,+
adamant,+
adaptability,+
adaptable,+
adaptation,+
adaptive,+
addict,-
addiction,-
adept,+
adeptness,+
adequate,+
adherence,+
adherent,+
adhesion,+
adhesive,+
adjunct,+
adjust,+
adjustable,+
adjustment,+
admirable,+
admiration,+
admire,+
admirer,+
admit,+
admittance,+
admonish,-
admonition,-
adorable,+
adore,+
adorn,+
adornment,+
adroit,+
adroitly,+
adulation,+
adult,+
adulterate,-
adulteration,-
adultery,-
advance,+
advancement,+
advantage,+
advantageous,+
advent,+
adventuresome,+
adventurous,+
adversary,-
adverse,-
adversity,-
advisable,+
advocacy,+
affability,+
affable,+
affectation,-
affection,+
affectionate,+
affiliate,+
affiliation,+
affinity,+
affirm,+
affirmation,+
affirmative,+
affix,+
afflict,-
affliction,-
affluence,+
affluent,+
afloat,+
afraid,-
against,-
aggravate,-
aggravation,-
aggregate,+
aggregation,+
aggression,-
aggressive,-
aggressiveness,-
aggressor,-
aggrieve,-
aghast,-
agile,+
agility,+
agitate,-
agitation,-
agitator,-
agonize,-
agony,-
agreeable,+
agreement,+
aid,+
ail,-
ailment,-
aimless,-
alarm,-
alarming,-
alas,-
alertness,+
alibi,-
alien,-
alienate,-
alienation,-
alight,+
alive,+
allegation,-
allege,-
allegiance,+
alleviate,+
alliance,+
allied,+
allies,+
allow,+
allowable,+
allowance,+
allure,+
ally,+
almighty,+
aloof,-
altercation,-
altruistic,+
amazement,+
amazing,+
ambiguity,-
ambiguous,-
ambivalent,-
ambush,-
ameliorate,+
amenable,+
amenity,+
amiability,+
amiable,+
amicable,+
amiss,-
amnesty,+
amour,+
ample,+
amplify,+
amply,+
amputate,-
amuse,+
amusement,+
anarchist,-
anarchy,-
angel,+
angelic,+
anger,-
angry,-
anguish,-
animosity,-
annihilate,-
annihilation,-
annoy,-
annoyance,-
anoint,+
anomalous,-
anomaly,-
antagonism,-
antagonist,-
antagonistic,-
antagonize,-
antipathy,-
antiquated,-
antitrust,-
anxiety,-
anxious,-
anxiousness,-
apathetic,-
apathy,-
apocalypse,+
appall,-
appeal,+
appease,+
append,+
applaud,+
applause,+
appoint,+
appreciable,+
appreciate,+
appreciation,+
appreciative,+
apprehend,+
apprehension,-
apprehensive,-
approach,+
appropriate,+
approval,+
approve,+
apt,+
aptitude,+
arbiter,+
arbitrary,-
arbitrate,+
arbitration,+
ardent,+
arduous,-
argue,-
argument,-
arisen,+
aristocracy,+
aristocrat,+
aristocratic,+
arrest,+
arrest,-
arrogance,-
arrogant,-
art,+
artificial,-
ascribe,+
ashamed,-
aspiration,+
aspire,+
assail,-
assailant,-
assassin,-
assassinate,-
assault,-
assent,+
assertion,+
asset,+
assist,+
assistance,+
assistant,+
associate,+
association,+
assurance,+
assure,+
assuredly,+
astound,+
astray,-
astute,+
asunder,-
athletic,+
atrocious,-
atrophy,-
attachment,+
attack,-
attain,+
attainment,+
attend,+
attendance,+
attentive,+
attract,+
attraction,+
attractive,+
attractiveness,+
attune,+
audacious,-
audacity,-
audible,+
augment,+
augmentation,+
auspicious,+
austere,-
authentic,+
authenticity,+
authoritative,+
authority,+
autocrat,-
autocratic,-
autonomous,+
availability,+
avarice,-
avaricious,-
avenge,-
aversion,-
avert,-
avid,+
avoid,-
avoidance,-
award,+
aware,+
awareness,+
awful,-
awkward,-
awkwardness,-
ax,-
babble,-
back,+
backbone,+
backer,+
backing,+
backward,-
backwardness,-
bad,-
badly,-
baffle,-
bafflement,-
bail,-
bait,-
balk,-
ball,+
balmy,+
banal,-
bandit,-
bane,-
banish,-
banishment,-
bankrupt,-
bankruptcy,-
baptism,+
baptize,+
bar,-
barbarian,-
barbarous,-
bargain,+
barren,-
barrier,-
bashful,-
basic,+
bastard,-
battle,-
battlefield,-
beacon,+
beastly,-
beat,-
beauteous,+
beautify,+
beauty,+
befit,+
befitting,+
befriend,+
beg,-
beggar,-
behalf,+
behead,-
belated,-
belie,-
belittle,-
belligerent,-
beloved,+
belt,-
benefactor,+
beneficent,+
beneficial,+
beneficiary,+
benefit,+
benevolence,+
benevolent,+
benign,+
bequeath,+
bereave,-
bereavement,-
bereft,-
berserk,-
beseech,-
beset,-
besiege,-
best,+
bestow,+
betray,-
betrayal,-
betroth,+
betrothal,+
better,+
beware,-
bewilder,-
bewilderment,-
bit,-
bitchy,-
bite,-
bitter,-
bitterness,-
bizarre,-
blackmail,-
blah,-
blame,-
blameless,+
bland,-
blast,-
blatant,-
bleak,-
blemish,-
bless,+
blind,-
blindness,-
bliss,+
blissful,+
blithe,+
block,-
blockhead,-
bloodshed,-
bloodthirsty,-
bloody,-
bloom,+
blossom,+
blow,-
blunder,-
blunt,-
blur,-
blurt,-
board,+
board,-
boast,-
boastful,-
bogus,-
boisterous,-
boldness,+
bolster,+
bolt,-
bomb,-
bombard,-
bombardment,-
bondage,-
bonny,+
bonus,+
boom,+
boost,+
boot,-
bore,-
boredom,-
bother,-
bothersome,-
bound,-
boundless,+
bountiful,+
bout,-
box,-
brag,-
brainy,+
brandish,-
brat,-
bravado,-
brave,+
bravery,+
brawl,-
brazen,-
breach,-
breadwinner,+
break,-
breakdown,-
bribe,-
bright,+
brightness,+
brilliance,+
brilliant,+
bristle,-
brittle,-
broke,-
brood,-
brotherhood,+
brotherly,+
bruise,-
brusque,-
brutality,-
brute,-
brutish,-
buckle,-
bug,-
bullet,-
bum,-
bungle,-
buoyant,+
burden,-
burdensome,-
burglar,-
burglary,-
burn,-
bury,-
busybody,-
butchery,-
buy,+
calamity,-
call,+
callous,-
calm,+
calmness,+
cancel,-
cancellation,-
cancer,-
candid,+
candor,+
cannibal,-
cannon,-
capability,+
capable,+
capital,-
capitalize,+
capitulate,-
capricious,-
capsize,-
captivation,+
captive,-
capture,-
care,+
careen,-
carefree,+
careful,+
careless,-
carelessness,-
caress,+
casual,+
casualty,-
cataclysm,-
catastrophe,-
catch,-
cave,-
ceaseless,+
celebrate,+
celebration,+
celebrity,+
censor,-
censorship,-
censure,-
ceremonial,+
chafe,-
challenge,-
champ,+
champion,+
championship,+
chaos,-
chaotic,-
charge,-
charisma,+
charitable,+
charity,+
charm,+
chase,-
chaste,+
chastise,-
cheap,-
cheapen,-
cheater,-
cheer,+
cheerful,+
cheery,+
cherish,+
cherub,+
chic,+
chide,-
childish,-
chivalrous,+
chivalry,+
choke,-
chore,-
chosen,+
chronic,-
chum,+
circle,-
civil,+
civility,+
civilization,+
civilize,+
clamor,-
clamorous,-
clarify,+
clarity,+
clash,-
classic,+
clatter,-
clean,+
cleanliness,+
cleanse,+
clear,+
clearness,+
clever,+
clique,-
clog,-
close,-
closeness,+
clout,+
club,-
clumsy,-
clutter,-
coarse,-
coarseness,-
coax,+
cockiness,-
cocky,-
coddle,+
coerce,-
coercion,-
coercive,-
coexistence,+
cogent,+
cognizance,+
cognizant,+
coherent,+
cohesion,+
cohort,+
coincident,+
cold,-
collaborate,+
collaboration,+
collapse,-
colleague,+
collide,-
collision,-
collusion,-
colony,-
colossal,+
combat,-
combatant,-
comeback,+
comedy,+
comely,+
comestible,+
comfort,+
comfortable,+
comic,+
comical,+
commemorate,+
commemoration,+
commencement,+
commend,+
commendable,+
commendation,+
commensurate,+
commiseration,-
commission,+
commit,-
commitment,+
commodious,+
common,+
commoner,-
commonplace,-
commonsense,+
commotion,-
communal,+
commune,+
communicate,+
communicative,+
communion,+
community,+
companion,+
companionship,+
company,+
compassion,+
compassionate,+
compatible,+
compel,-
compensate,+
compensation,+
compete,-
competence,+
competency,+
competent,+
competition,-
competitive,-
competitor,-
complain,-
complaint,-
complement,+
complementary,+
complete,+
completeness,+
completion,+
complex,-
complexity,-
compliance,+
complicate,-
complication,-
complicity,-
compliment,+
composure,+
comprehend,+
comprehension,+
comprehensive,+
compromise,+
compulsion,-
conceal,-
conceit,-
concern,-
concession,+
conclusive,+
concur,+
condemn,-
condemnation,-
condescending,-
condescension,-
condone,+
conducive,+
confederation,+
confer,+
confess,-
confession,-
confidant,+
confide,+
confidence,+
confident,+
confine,-
confinement,-
confiscate,-
confiscation,-
conflict,-
confound,-
confront,-
confrontation,-
confuse,-
confusion,-
congenial,+
congested,-
congestion,-
congratulate,+
congratulation,+
congratulatory,+
congregate,+
conjunction,+
conjure,+
connect,+
conquer,+
conqueror,+
conquest,+
conscience,+
conscientious,+
consensus,+
consent,+
conserve,+
consider,+
considerate,+
consideration,+
consign,+
consistency,+
consistent,+
console,+
consolidate,+
conspiracy,-
conspirator,-
conspire,-
constancy,+
consternation,-
constrain,-
constraint,-
constructive,+
consult,+
consultation,+
consummate,+
consumptive,-
contact,+
contagious,-
contaminate,-
contamination,-
contempt,-
contemptible,-
contemptuous,-
contend,-
content,+
contentment,+
continuity,+
contradict,-
contradiction,-
contradictory,-
contrary,-
contribute,+
contribution,+
contributor,+
controversial,-
controversy,-
convene,+
convict,-
conviction,+
convince,+
cool,-
coolness,-
cooperate,+
cooperation,+
cooperative,+
coordinate,+
coordination,+
cordial,+
correct,+
correction,+
corrode,-
corrosion,-
corrosive,-
corrupt,-
corruption,-
cost,-
costliness,-
costly,-
council,+
counsel,+
counteract,-
counteraction,-
counterfeit,-
courage,+
courageous,+
courteous,+
courtesy,+
courtly,+
covenant,+
covert,-
covet,-
coward,-
cozy,+
crafty,-
cram,-
cramp,-
cranky,-
crass,-
crave,-
crawl,-
craze,-
craziness,-
crazy,-
create,+
creative,+
creativity,+
credentials,+
credibility,+
credible,+
credit,+
credulous,-
crime,-
criminal,-
cringe,-
cripple,-
crisis,-
critic,-
criticize,-
croak,-
crook,-
crooked,-
cross,-
crude,-
cruel,-
cruelty,-
crumble,-
crumple,-
crusade,+
crusader,+
crush,-
crushing,-
cuddle,+
culminate,+
culmination,+
culpable,-
culprit,-
cultivate,+
cultivation,+
culture,+
cumbersome,-
cupid,+
cure,+
curse,-
cursory,-
curt,-
curtail,-
curtsey,+
cut,-
cute,+
cynical,-
cynicism,-
damage,-
damn,-
damnable,-
damned,-
dance,+
danger,-
dangerous,-
dare,+
daring,+
dark,-
darken,-
darkness,-
darling,+
darn,-
daunting,-
dauntless,+
dawdle,-
dawn,+
daze,-
dazzle,+
dead,-
deadlock,-
deadly,-
deadweight,-
deaf,-
deafness,-
deal,+
deal,-
dear,+
dearth,-
death,-
debatable,-
debtor,-
decadence,-
decadent,-
decay,-
decease,-
deceit,-
deceitful,-
deceive,-
decency,+
decent,+
deception,-
deceptive,-
decipher,+
decline,-
decompose,-
decorate,+
decoration,+
decorative,+
decrease,-
dedicate,+
dedication,+
deduce,+
defame,-
default,-
defeat,-
defect,-
defective,-
defend,+
defendant,-
defender,+
defense,+
defensive,-
deference,+
defiance,-
defiant,-
deficiency,-
deficient,-
deficit,-
defile,-
definitive,+
defy,-
degenerate,-
degrade,-
dejected,-
delay,-
delicacy,+
delicate,+
delight,+
delightful,+
delinquency,-
delinquent,-
delirium,-
deluge,-
delusion,-
demean,-
demise,-
demolish,-
demon,-
demoralize,-
denial,-
denounce,-
dent,-
deny,-
dependability,+
dependable,+
dependent,-
deplete,-
deplorable,-
deplore,-
depose,-
depraved,-
depreciate,-
depreciation,-
depress,-
depression,-
deprive,-
deride,-
derision,-
derisive,-
derogatory,-
descry,+
desert,-
desertion,-
deserve,+
deservedly,+
desirable,+
desire,-
desirous,+
desolate,-
desolation,-
despair,-
desperate,-
desperation,-
despicable,-
despise,-
destitute,-
destroy,-
destruction,-
destructive,-
detachment,-
detain,-
deter,-
deterrent,-
detest,-
detestable,-
detract,-
detrimental,-
devastate,-
devastation,-
deviate,-
deviation,-
devil,-
devilish,-
devious,-
devoid,-
devote,+
devotion,+
devout,+
dexterity,+
diabolic,-
diabolical,-
dictate,-
dictatorial,-
differ,-
difficult,-
difficulty,-
dig,+
dignified,+
dignify,+
dignity,+
dilemma,-
diligent,+
dim,-
din,-
dire,-
dirt,-
dirty,-
disable,-
disadvantage,-
disadvantageous,-
disagreeable,-
disagreement,-
disappoint,-
disappointment,-
disapproval,-
disapprove,-
disarm,-
disaster,-
disastrous,-
disavow,-
disavowal,-
disbelief,-
discern,+
discharge,-
disclaim,-
discomfort,-
disconcerted,-
discontent,-
discord,-
discordant,-
discourage,-
discouragement,-
discredit,-
discreet,+
discrepant,-
discretion,+
discriminate,-
discuss,+
disdain,-
disease,-
diseased,-
disgrace,-
disguise,-
disgust,-
dishearten,-
dishonest,-
dishonor,-
disingenuous,-
disinterest,-
dislike,-
dismal,-
dismiss,-
disobedience,-
disobedient,-
disorder,-
disorganized,-
dispel,-
dispensability,-
dispense,-
displace,-
displease,-
displeasure,-
disposal,-
dispose,-
disproportionate,-
disprove,-
disputable,-
dispute,-
disregard,-
disrupt,-
disruption,-
dissatisfaction,-
dissatisfied,-
dissatisfy,-
dissent,-
dissention,-
dissolution,-
distinct,+
distinction,+
distinctive,+
distinguish,+
distinguished,+
distort,-
distortion,-
distract,-
distracting,-
distraction,-
distress,-
distrustful,-
disturb,-
disturbance,-
diversion,-
divert,-
divide,-
divine,+
divinity,+
division,-
divorce,-
dizzy,-
doldrums,-
dominance,+
dominate,-
domination,-
donate,+
donation,+
doom,-
doomsday,-
dope,-
dote,+
double,-
doubt,-
doubtful,-
doubtless,+
downcast,-
downfall,-
downhearted,-
drab,-
drag,-
dread,-
dreadful,-
dreamland,+
dreary,-
drive,-
droop,-
drop,-
drought,-
drown,-
drowsiness,-
drowsy,-
drunk,-
drunkard,-
drunken,-
dubious,-
dull,-
dumb,-
dump,-
dunce,-
dungeon,-
durability,+
durable,+
duty,-
dwindle,-
dying,-
dynamic,+
eager,+
eagerness,+
earnest,+
earnestness,+
ease,+
easy,+
eccentric,-
eccentricity,-
economize,+
ecstasy,+
ecstatic,+
edge,-
edible,+
educated,+
education,+
educational,+
effective,+
effectiveness,+
efficacy,+
efficiency,+
efficient,+
egotistical,-
elaborate,+
elaboration,+
elate,+
elegance,+
elegant,+
eliminate,-
elimination,-
eloquent,+
embarrass,-
embarrassment,-
embellish,+
embrace,+
emergency,-
eminence,+
eminent,+
empathy,+
empower,+
empowerment,+
empty,-
enable,+
enchant,+
enchantment,+
encourage,+
encouragement,+
encroach,-
encroachment,-
endanger,-
endear,+
endorse,+
endow,+
endurance,+
enemy,-
energetic,+
energize,+
enforce,-
engage,+
engulf,-
enhance,+
enhancement,+
enjoy,+
enjoyable,+
enjoyment,+
enlighten,+
enlightenment,+
enrage,-
enrich,+
enrichment,+
ensemble,+
enslave,-
ensure,+
entangle,-
entanglement,-
entertain,+
entertainment,+
enthusiasm,+
enthusiastic,+
entreat,-
entrepreneurial,+
entrust,+
envious,-
envision,+
envy,-
epidemic,-
epithet,-
equality,+
equitable,+
equity,+
equivocal,-
eradicate,-
erase,-
erode,-
erosion,-
err,-
erroneous,-
error,-
esoteric,-
essential,+
establish,+
esteem,+
estranged,-
ethical,+
ethics,+
etiquette,+
evade,-
evasion,-
even,+
even,-
everlasting,+
evict,-
evil,-
exact,+
exaggeration,-
exalt,+
exasperate,-
exasperation,-
excel,+
excellence,+
excellent,+
exception,-
excess,-
excessive,-
excite,+
excited,+
excitedness,+
excitement,+
exclude,-
exclusion,-
excommunication,-
execute,-
exempt,-
exertion,+
exhaust,-
exhaustion,-
exhilaration,+
exile,-
exit,-
exotic,+
expedient,-
expel,-
expense,-
expensive,-
experience,+
expert,+
explode,-
exploit,-
explosion,-
explosive,-
expose,-
exquisite,+
exterminate,-
extermination,-
extinct,-
extinguish,-
extol,+
extraordinary,+
extravagance,+
extravagant,-
exuberance,+
exuberant,+
exult,+
exultation,+
eye,+
fabricate,-
fabrication,-
fabulous,+
facilitate,+
factual,+
fail,-
failure,-
faint,-
fair,+
fairness,+
faith,+
faithful,+
faithfulness,+
fake,-
fall,-
fallacy,-
fallout,-
false,-
falsehood,-
falter,-
fame,+
familiar,+
familiarity,+
familiarize,+
famine,-
famished,-
famous,+
fanatic,-
fanatical,-
fancy,+
fantastic,+
fantasy,+
farce,-
farsighted,+
fascination,+
fascist,-
fashionable,+
fat,-
fatal,-
fatalistic,-
fatigue,-
fault,-
favor,+
favorable,+
favorite,+
fear,-
fearful,-
fearless,+
fearsome,-
feasible,+
feast,+
fed,-
feeble,-
feign,-
feint,-
fellow,+
fellowship,+
ferocious,-
ferocity,-
fertile,+
fervent,+
fervor,+
festival,+
festive,+
festivity,+
feud,-
feudal,-
fever,-
feverish,-
fiasco,-
fickle,-
fidelity,+
fidget,-
fiend,-
fierce,-
fiery,+
fight,-
fighter,-
filial,+
fill,+
filth,-
filthy,-
fine,+
fine,-
fire,-
firmness,+
fist,-
fit,+
fitness,+
fix,-
flagrant,-
flair,+
flashy,+
flatter,+
flattery,+
flaunt,+
flaw,-
flawless,+
fled,-
flee,-
fleeting,-
flexible,+
flimsy,-
flirt,+
floor,-
flounder,-
flourish,+
fluent,+
foe,-
foible,-
fond,+
fondness,+
fool,-
foolish,-
foolishness,-
forbid,-
forbidden,-
force,-
foreboding,-
foreign,-
foremost,+
foresight,+
forfeit,-
forgave,+
forgetfulness,-
forgive,+
forgiven,+
forgiveness,+
forlorn,-
formality,+
formidable,-
forsake,-
fortify,+
fortitude,+
fortunate,+
forward,+
foster,+
fought,-
founder,-
fracture,-
fragile,-
fragrant,+
frank,+
frantic,-
frantically,-
fraud,-
fraudulent,-
fraught,-
freak,-
free,+
freedom,+
fresh,+
fret,-
fretful,-
friend,+
friendly,+
friendship,+
frighten,-
frightful,-
frigid,-
frivolous,-
frolic,+
front,-
frown,-
frugal,+
fruitful,+
fruition,+
fruitless,-
frustrate,-
frustration,-
fugitive,-
fulfill,+
fulfillment,+
fullness,+
fumble,-
fun,+
fun,-
funny,+
furious,-
fury,-
fuss,-
fussy,-
futility,-
gaiety,+
gaily,+
gain,+
gall,-
gallant,+
gallantry,+
gamble,-
game,+
garnish,+
gash,-
gaudy,-
gay,+
generate,+
generosity,+
generous,+
genial,+
genius,+
gentle,+
genuine,+
germ,-
get,-
ghastly,-
ghetto,-
giddy,+
gift,+
gifted,+
give,+
glad,+
gladden,+
gladness,+
glamorous,+
glamour,+
glare,-
gleam,+
glean,+
glee,+
glimmer,+
glisten,+
glitter,+
gloat,-
gloom,-
gloomy,-
glorify,+
glorious,+
glory,+
glossy,+
glow,+
glum,-
goddamn,-
godlike,+
godliness,+
gold,+
golden,+
good,+
goodbye,+
goodness,+
gorgeous,+
grab,-
grace,+
graceful,+
gracious,+
graduation,+
grand,+
grandeur,+
grapple,-
grateful,+
gratification,+
gratify,+
gratitude,+
gratuitous,-
grave,-
great,+
greatness,+
greet,+
grief,-
grievance,-
grieve,-
grim,-
grizzly,-
groom,+
grotesque,-
growl,-
grudge,-
gruff,-
grumble,-
guarantee,+
guardian,+
guerrilla,-
guide,+
guilt,-
guilty,-
guise,-
gullible,-
gun,-
gunmen,-
gusto,+
hack,-
hackney,-
hag,-
haggard,-
hallowed,+
hamper,-
hand,+
hand,-
handicap,-
handsome,+
handy,+
hang,-
haphazard,-
hapless,-
happiness,+
happy,+
harass,-
harassment,-
hard,-
hardship,-
hardy,+
harm,-
harmful,-
harmless,+
harmonious,+
harmonize,+
harmony,+
harness,+
harsh,-
hassle,-
hate,-
hater,-
hatred,-
haughty,-
haunt,-
haven,+
havoc,-
hazard,-
hazardous,-
haziness,-
hazy,-
headache,-
heal,+
health,+
healthful,+
healthy,+
heart,+
heartily,+
heartless,-
heaven,+
heavenly,+
hectic,-
hedge,-
hedonistic,-
heedless,-
heinous,-
hell,-
help,+
help,-
helpful,+
helpless,-
helplessness,-
hero,+
heroic,+
heroine,+
heroism,+
hideous,-
highlight,+
hilarious,+
hinder,-
hindrance,-
hit,+
hit,-
hoard,-
hobble,-
hole,-
hollow,-
holy,+
homage,+
home,+
homely,-
honest,+
honeymoon,+
honor,+
honorable,+
hope,+
hopeful,+
hopeless,-
horde,-
horn,-
horrible,-
horrid,-
horrify,-
horror,-
hospitable,+
hostile,-
hostility,-
hot,-
hug,+
human,+
humanitarian,+
humanity,+
humble,+
humiliate,-
humiliation,-
humility,+
humor,+
humorous,+
hung,-
hunger,-
hungry,-
hunt,-
hunter,-
hurt,-
hurtful,-
hustle,-
hustler,-
hygiene,+
hypocrisy,-
hypocrite,-
hysteria,-
hysterical,-
ideal,+
idealism,+
idiot,-
idiotic,-
idleness,-
idol,+
idolize,+
ignoble,-
ignorance,-
ignorant,-
ill,-
illegal,-
illegality,-
illiterate,-
illness,-
illogical,-
illuminate,+
illustrious,+
imagination,+
imaginative,+
immaculate,+
immature,-
immobility,-
immoral,-
immorality,-
immortal,+
immovable,-
impair,-
impartial,+
impartiality,+
impasse,-
impatience,-
impatient,-
impede,-
impediment,-
imperative,+
imperfect,-
impersonal,-
impervious,+
impetuous,-
impetus,+
implicate,-
implore,-
importance,+
important,+
impose,-
imprecision,-
impress,+
impressive,+
imprison,-
imprisonment,-
improper,-
improve,+
improvement,+
impulsive,-
impunity,+
impure,-
impurity,-
inability,-
inaccessible,-
inaccuracy,-
inadequate,-
inane,-
inaugurate,+
inauguration,+
incapable,-
incessant,-
incompatibility,-
incompatible,-
incompetence,-
incompetent,-
inconsistency,-
inconvenient,-
incorrect,-
incredible,-
incurable,-
indecent,-
indefinite,-
independence,+
independent,+
indescribable,+
indeterminable,-
indeterminate,-
indicative,+
indictment,-
indifference,-
indifferent,-
indignation,-
indispensability,+
indispensable,+
individuality,+
indomitable,+
indulge,-
indulgence,+
industrious,+
ineffective,-
ineffectiveness,-
ineffectual,-
ineffectualness,-
inefficiency,-
inequality,-
inexact,-
inexpensive,+
inexplicable,-
infallibility,+
infallible,+
infamous,-
infect,-
infection,-
infer,+
inference,+
inferior,-
inferiority,-
infest,-
infiltration,-
inflame,-
inflation,-
inflict,-
inform,+
infraction,-
infringement,-
infuriate,-
ingenious,+
ingenuity,+
ingratitude,-
inherit,+
inhibit,-
inhibition,-
inhumane,-
injunction,-
injure,-
injurious,-
injury,-
innocence,+
innocent,+
innovate,+
innovative,+
inquisitive,+
insane,-
insecure,-
insecurity,-
insensible,-
inseparable,+
insidious,-
insight,+
insignificant,-
insinuate,-
insistent,+
insolence,-
insolent,-
inspiration,+
inspirational,+
inspire,+
instability,-
instable,-
instinctive,+
insufficiency,-
insufficient,-
insult,-
integrity,+
intellect,+
intellectual,+
intelligence,+
intelligent,+
intelligible,+
intercede,+
intercourse,+
interest,+
interested,+
interfere,-
interference,-
interpose,+
interrupt,-
interruption,-
intervention,-
intimacy,+
intimate,+
intimidate,-
intolerable,-
intoxicate,-
intricate,+
intrigue,+
intrude,-
intruder,-
intrusion,-
inundate,-
inundated,-
invade,-
invalid,-
invaluable,+
inventor,+
invincible,+
invisible,-
invitation,+
invite,+
involuntary,-
involve,-
invulnerable,+
irk,-
iron,-
ironic,-
irony,-
irrational,-
irregular,-
irregularity,-
irresistible,+
irresponsible,-
irritable,-
irritation,-
isolate,-
jail,-
jar,-
jeer,-
jeopardize,-
jeopardy,-
jerk,-
jest,+
jittery,-
jobless,-
join,+
jointly,+
joke,+
jolly,+
joy,+
joyful,+
jubilant,+
jubilee,+
jumpy,-
junk,-
just,+
justice,+
justifiably,+
justification,+
justify,+
keen,+
kick,-
kid,+
kidnap,-
kill,-
killer,-
kind,+
kindness,+
kiss,+
knife,-
knock,-
know,+
knowledge,+
lack,-
lag,-
laid,-
lame,-
lament,-
lamentable,-
languish,-
lapse,-
laudable,+
laugh,+
laugh,-
laughter,+
lavish,+
law,+
lawful,+
lawless,-
lay,-
lazily,-
lazy,-
lead,+
leak,-
leakage,-
learn,+
learner,+
legal,+
legitimacy,+
legitimate,+
leisure,+
let,-
liability,-
liable,-
liar,-
liberal,+
liberalism,+
liberate,+
liberty,+
lie,-
lifeless,-
lifelong,+
light,+
likable,+
like,+
limit,-
limitation,-
limp,-
liquidate,-
liquidation,-
litter,-
live,+
lively,+
load,-
logic,+
logical,+
lone,-
loneliness,-
lonely,-
loner,-
lonesome,-
longevity,+
loom,-
lose,-
loser,-
loss,-
lost,-
love,+
loveless,-
loveliness,+
lovely,+
lover,+
low,-
lower,-
lowly,-
loyal,+
loyalty,+
lucid,+
luck,+
luckily,+
lucky,+
lucrative,+
ludicrous,-
lull,-
luminous,+
lunatic,-
lure,-
lurk,-
lust,+
luster,+
lustrous,+
luxuriant,+
luxurious,+
luxury,+
lying,-
lyric,+
lyrical,+
mad,-
madman,-
madness,-
magical,+
magnetic,+
magnificence,+
magnificent,+
main,+
majestic,+
majesty,+
major,+
make,+
make,-
maladjusted,-
maladjustment,-
malady,-
malice,-
malicious,-
malignant,-
manageable,+
mangle,-
manipulate,-
manipulation,-
manly,+
manslaughter,-
mar,-
marginal,-
marital,+
marriage,+
marry,+
marvel,+
marvelous,+
massacre,-
masterful,+
mastery,+
matchless,+
mate,+
matter,+
matter,-
mature,+
maturity,+
maximize,+
meager,-
mean,-
meaningful,+
meaningless,-
measurable,+
meddle,-
mediate,+
mediocre,-
meditation,+
meek,-
meet,+
melancholy,-
mellow,+
melodramatic,-
melody,+
memorable,+
menace,-
mend,+
menial,-
mentor,+
merciful,+
merciless,-
mercy,+
merit,+
meritorious,+
merrily,+
merriment,+
merry,+
mesh,+
mess,-
meticulous,+
mighty,+
mild,+
mind,+
mind,-
mindful,+
mine,-
minister,+
mint,+
miracle,+
miraculous,+
mirth,+
misbehave,-
misbehavior,-
mischief,-
mischievous,-
miser,-
miserable,-
misery,-
misfortune,-
mishandle,-
mishap,-
misinform,-
misinformed,-
mislead,-
misrepresent,-
miss,-
mistake,-
mistaken,-
mistrust,-
misunderstand,-
misunderstanding,-
misunderstood,-
misuse,-
mix,-
moan,-
mobility,+
mobilize,+
mock,-
mockery,-
moderate,+
moderation,+
modernity,+
modest,+
modesty,+
molest,-
momentous,+
monotonous,-
monotony,-
monster,-
monstrous,-
monumental,+
moody,-
moral,+
morale,+
moralistic,+
morality,+
mortify,-
motionless,-
motivate,+
motivated,+
motivation,+
motive,+
motley,-
mourn,-
mourner,-
muddle,-
muddy,-
multitude,+
mumble,-
mundane,-
murder,-
murderous,-
murky,-
mutter,-
mutual,+
myriad,+
myself>,-
nag,-
naive,-
nasty,-
natural,+
naughty,-
navigable,+
neat,+
nebulous,-
necessarily,+
need,-
needle,-
needy,-
negate,-
negation,-
negative,-
neglect,-
negligence,-
negligent,-
negotiate,+
nervous,-
nervousness,-
neurotic,-
neutralize,-
nice,+
niche,+
nightmare,-
nimble,+
nix,-
nobility,+
noble,+
nobleman,+
noise,-
noiseless,+
nominate,+
nonchalant,-
nonsense,-
normal,+
nosey,-
notable,+
notoriety,+
notorious,-
nourish,+
nourishment,+
novelty,+
novice,-
nuisance,-
nullification,-
nullify,-
numb,-
nurse,+
nurture,+
nutrient,+
nuts,-
oasis,+
obedience,+
obedient,+
obey,+
object,-
objection,-
objective,+
oblige,+
oblique,-
obliterate,-
obnoxious,-
obscure,-
obsolete,-
obstacle,-
obstinate,-
obstruct,-
obstruction,-
obtain,+
obtainable,+
odd,-
oddity,-
offend,-
offender,-
offensive,-
offer,+
offset,+
ominous,-
omission,-
omit,-
onset,+
onward,+
open,+
opinionated,-
opponent,-
opportune,+
opportunity,+
oppose,-
opposition,-
oppress,-
oppression,-
oppressive,-
optimal,+
optimism,+
optimistic,+
optional,+
ordeal,-
order,+
order,-
organize,+
originality,+
orphan,-
ostracize,-
oust,-
outbreak,-
outburst,-
outcast,-
outcry,-
outgoing,+
outlaw,-
outlive,+
outrage,-
outrageous,-
outright,+
outrun,+
outset,+
outsider,-
outstanding,+
outwit,+
overbearing,-
overcome,+
overflow,-
overjoyed,+
overlook,-
overpower,-
overrun,-
oversight,-
overthrow,-
overturn,-
overwhelming,-
overworked,-
owe,-
pain,-
painful,-
painstaking,+
palatable,+
palatial,+
paltry,-
pamper,+
pandemonium,-
panic,-
paradise,+
paralysis,-
paralyzed,-
paramount,+
paranoid,-
parasite,-
pardon,+
particular,+
particular,-
partition,-
partner,+
partnership,+
pass,+
pass,-
passe,-
passionate,+
pathetic,-
patience,+
patient,+
patriot,+
patriotic,+
patron,+
patronage,+
patronize,-
pay,+
peace,+
peaceable,+
peaceful,+
peculiar,-
peerless,+
perfect,+
perfection,+
perfectionism,+
perfectionist,+
perfume,+
peril,-
perilous,-
perish,-
permission,+
permit,+
perplex,-
perplexity,-
persecute,-
persecution,-
perseverance,+
persevere,+
persuasive,+
pertinent,+
perturb,-
perverse,-
pervert,-
pessimism,-
pessimistic,-
pest,-
petty,-
phobia,-
pick,-
picturesque,+
piece,-
piety,+
pinch,-
pinnacle,+
pious,+
pitiful,-
pitiless,-
plague,-
plain,+
plaintiff,-
plausibility,+
playful,+
playmate,+
plaything,+
pleasant,+
pleasantry,+
please,+
pleased,+
pleasurable,+
pleasure,+
pledge,+
plentiful,+
plenty,+
plight,-
plod,-
plot,-
poetic,+
poignant,+
point,-
pointless,-
poise,+
poison,-
poisonous,-
polish,+
polite,+
politeness,+
pollute,-
pollution,-
pomp,+
pompous,-
poor,-
popular,+
popularity,+
populous,+
portable,+
positive,+
positiveness,+
positivity,+
posterity,+
potency,+
potent,+
pound,-
pout,-
poverty,-
powerless,-
practicable,+
practical,+
praise,+
prance,+
precarious,-
precaution,+
precedent,+
precept,+
precious,+
precipitate,-
precise,+
precision,+
predicament,-
preeminent,+
preference,+
prejudice,-
prejudicial,-
premier,+
premise,+
premium,+
preparatory,+
preposterous,-
press,-
prestige,+
presumptuous,-
pretend,-
pretense,-
pretentious,-
prettily,+
pretty,+
priceless,+
pride,+
primarily,+
prime,+
principal,+
principle,+
prison,-
prisoner,-
privacy,+
privileged,+
privy,+
prize,+
pro,+
proactive,+
problem,-
procrastinate,-
procrastination,-
prod,-
prodigious,+
prodigy,+
productive,+
productivity,+
profess,+
proffer,+
proficient,+
profit,+
profitable,+
profound,+
progress,+
progressive,+
prohibit,-
prohibition,-
prohibitive,-
prolific,+
prominence,+
prominent,+
promise,+
prompt,+
promptly,+
propaganda,-
proper,+
propitious,+
proprietary,+
propriety,+
prosecute,+
prosecution,-
prosper,+
prosperity,+
prosperous,+
protect,+
protection,+
protective,+
protector,+
protest,-
proud,+
provide,+
providence,+
provocation,-
provoke,-
prowess,+
prowl,-
prudence,+
prudent,+
pry,-
punch,-
punctual,+
punish,-
puny,-
pure,+
purification,+
purify,+
purity,+
purposeful,+
purr,+
push,-
puzzlement,-
quaint,+
qualify,+
quality,+
qualm,-
quandary,-
quarrel,-
quarrelsome,-
queer,-
quench,+
questionable,-
quibble,-
quicken,+
quit,-
quitter,-
race,-
radiance,+
radiant,+
radiate,+
radical,-
rage,-
raid,-
raise,-
rally,+
ramble,-
rampant,-
rapport,+
rapt,+
rapture,+
rascal,-
rash,-
rat,-
ration,-
rational,+
rattle,-
ravage,-
rave,+
reactionary,-
reactive,-
readily,+
real,+
realistic,+
realistically,+
reap,+
reasonable,+
reassurance,+
reassure,+
rebel,-
rebellion,-
rebellious,-
rebuff,-
rebuke,-
rebut,-
recalcitrant,-
recede,-
receptive,+
recession,-
reckless,-
recklessness,-
reclaim,+
recline,+
recoil,-
recompense,+
reconcile,+
reconciliation,+
recreation,+
redeem,+
redemption,+
redundancy,-
redundant,-
reestablish,+
refine,+
refinement,+
refrain,-
refuge,+
refugee,-
refusal,-
refuse,-
regal,+
regard,+
regardless,-
regress,-
regression,-
regret,-
regrettable,-
rehabilitation,+
reinforcement,+
reinstate,+
reject,-
rejection,-
rejoice,+
relapse,-
relaxation,+
relevance,+
relevancy,+
relevant,+
reliability,+
reliable,+
relief,+
relieve,+
religious,+
relish,+
reluctant,-
remarkable,+
remarkably,+
remedy,+
remodel,+
remorse,-
renaissance,+
renewal,+
renounce,-
renovate,+
renovation,+
renown,+
renunciation,-
repair,+
reparation,+
repeal,-
repent,+
repentance,+
repose,+
reprehensible,-
repress,-
reproach,-
repudiate,-
repugnant,-
repulse,-
repulsive,-
reputable,+
rescue,+
resent,-
resentful,-
resentment,-
resignation,-
resolute,+
resolve,+
resolved,+
resound,+
resourceful,+
resourcefulness,+
respect,+
respectable,+
respectful,+
respite,+
resplendent,+
responsibility,+
responsible,+
responsive,+
restful,+
restless,-
restlessness,-
restoration,+
restore,+
restrict,-
restriction,-
resurrect,+
retaliate,-
retard,-
retire,-
retreat,-
return,+
reunion,+
reunite,+
revel,+
revelation,+
revenge,-
revere,+
reverence,+
reverent,+
reverently,+
revert,-
revitalize,+
revival,+
revive,+
revoke,-
revolt,-
revolution,-
reward,+
rich,+
riches,+
richness,+
rid,-
ride,-
ridicule,-
ridiculous,-
right,+
righteous,+
righteousness,+
rightful,+
rigid,-
rigor,-
rigorous,-
rip,-
ripe,+
ripen,+
risky,-
rival,-
rivalry,-
robber,-
robbery,-
robust,+
rogue,-
romance,+
romantic,+
romanticize,+
root,-
rosy,+
rot,-
rotten,-
rough,-
roughness,-
round,+
roundabout,-
rouse,+
rubbish,-
rude,-
rue,-
ruffian,-
ruin,-
ruinous,-
rumor,-
rumple,-
run,-
runaway,-
rupture,-
rusty,-
ruthless,-
ruthlessness,-
sabotage,-
sacred,+
sad,-
sadness,-
safe,+
safeguard,+
safety,+
sag,-
sagacity,+
sage,+
saint,+
salutary,+
salutation,+
salute,+
salvation,+
sanctify,+
sanctuary,+
sane,+
sanguine,+
sanitary,+
sanity,+
sank,-
sap,-
sarcasm,-
sarcastic,-
satisfaction,+
satisfactorily,+
satisfactory,+
satisfy,+
savage,-
save,+
savings,+
savor,+
savvy,+
scald,-
scamper,+
scandal,-
scandalous,-
scapegoat,-
scar,-
scarcity,-
scare,-
scared,-
scary,-
scheme,-
scoff,-
scold,-
scorch,-
scorn,-
scornful,-
scoundrel,-
scowl,-
scrape,-
scream,-
screech,-
screw,-
scruples,+
scrupulous,+
scrutinize,-
scuffle,-
scum,-
secede,-
secession,-
secrecy,-
secret,-
secure,+
security,+
sedentary,-
seethe,-
segregation,-
seize,-
selective,+
selfish,-
selfishness,-
semblance,+
senile,-
sensational,+
sense,+
senseless,-
sensible,+
sensitive,+
sensitivity,+
sentence,-
sequester,-
serene,+
serious,+
seriousness,+
serve,-
service,-
servitude,-
settle,+
sever,-
severe,-
severity,-
shabby,-
shadow,-
shady,-
shaggy,-
shake,-
shallow,-
shame,-
shameful,-
shameless,-
share,+
shark,-
shell,-
shelter,+
shield,+
shiny,+
shipwreck,-
shirk,-
shiver,-
shock,-
shoddy,-
shoot,-
short,-
shortage,-
shortcoming,-
shortsighted,-
shot,-
shove,-
show,-
shred,-
shrew,-
shrewd,+
shrewdness,+
shriek,-
shrill,-
shrivel,-
shroud,-
shrug,-
shun,-
shyness,-
sick,-
sickly,-
sickness,-
siege,-
significance,+
significant,+
signify,+
silly,-
simplicity,+
simplify,+
simplistic,-
sin,-
sincere,+
sincerity,+
sinful,-
sinister,-
skeptical,-
sketchy,-
skill,+
skillful,+
skirmish,-
skulk,-
slam,-
slander,-
slanderer,-
slanderous,-
slap,-
slash,-
slaughter,-
slayer,-
sleazy,-
sleek,+
sleepless,-
slight,-
slime,-
sloppy,-
sloth,-
slothful,-
slug,-
sluggish,-
slump,-
sly,-
smack,-
smart,+
smash,-
smear,-
smile,+
smitten,+
smother,-
smuggle,-
snare,-
snarl,-
snatch,-
sneak,-
sneer,-
snore,-
sob,-
sober,+
sociable,+
softness,+
solace,+
solution,+
somber,-
soothe,+
sophisticated,+
sore,-
soreness,-
sorrow,-
sorrowful,-
sorry,-
sort,-
sought,+
sound,+
soundness,+
sour,-
spank,-
spare,+
sparkle,+
spear,-
special,+
spectacular,+
speedily,+
spill,-
spinster,-
spite,-
spiteful,-
splendid,+
splendor,+
split,-
spoil,-
spot,-
spotless,+
sprain,-
sprightly,+
sputter,-
squander,-
squarely,+
stab,-
stability,+
stabilize,+
stable,+
stagnant,-
stain,-
stale,-
stalemate,-
stammer,-
stamp,-
stand,+
standardize,+
standstill,-
staple,+
stark,-
startle,-
starvation,-
starve,-
stately,+
static,-
statuesque,+
staunch,+
staunchness,+
steadfast,+
steadfastness,+
steadiness,+
steady,+
steal,-
stern,-
stick,-
stifle,-
stigma,-
stimulate,+
stimulation,+
sting,-
stink,-
stole,-
stolen,-
stood,+
storm,-
stormy,-
straggle,-
straggler,-
straight,+
straightforward,+
strain,-
strangle,-
stray,-
stress,-
stricken,-
strict,-
strife,-
strike,-
stringent,-
struck,-
struggle,-
strut,+
stubborn,-
stubbornly,-
stubbornness,-
stud,+
studious,+
study,-
stuffy,-
stunt,-
stupendous,+
stupid,-
stupidity,-
stupor,-
sturdy,+
stylish,+
suave,+
subjection,-
subjugate,-
subjugation,-
sublime,+
submissive,-
subscribe,+
subscription,+
subservience,-
subside,-
subsidize,+
subsidy,+
subsist,+
subsistence,+
substantiate,+
substitution,-
subtle,+
subtract,-
subversion,-
subvert,-
succeed,+
success,+
successful,+
succumb,-
sucker,-
suffer,-
sufferer,-
suffice,+
sufficient,+
suffocate,-
suit,+
suitable,+
sullen,-
summit,+
sumptuous,+
sunder,-
super,+
superficial,-
superficiality,-
superfluous,-
superior,+
superiority,+
superlative,+
superstition,-
superstitious,-
support,+
supportive,+
suppress,-
suppression,-
supreme,+
surge,+
surmise,+
surmount,+
surpass,+
survival,+
survive,+
survivor,+
susceptible,-
suspect,-
suspend,-
suspension,-
suspicion,-
suspicious,-
swear,-
sweet,+
sweeten,+
sweetheart,+
sweetness,+
swiftness,+
swoon,+
swore,-
sworn,+
symbolize,+
symmetry,+
sympathetic,+
sympathize,+
sympathy,+
symptom,-
synthesis,+
taboo,-
tact,+
tactics,+
taint,-
talent,+
talented,+
tamper,-
tantrum,-
tardy,-
tariff,-
taste,+
tatter,-
taunt,-
tax,-
tear,-
tease,-
tedious,-
temper,-
temperance,+
temperate,+
tempest,-
temporarily,-
tempt,+
temptation,-
tenacious,+
tenacity,+
tenderness,+
tense,-
tension,-
terrible,-
terrific,+
terrify,-
terror,-
terrorism,-
terrorize,-
thank,+
thankful,+
theft,-
therapeutic,+
thief,-
thirst,-
thirsty,-
thorny,-
thorough,+
thoughtful,+
thoughtfulness,+
thoughtless,-
thrash,-
threat,-
threaten,-
thrift,+
thrifty,+
thrill,+
thrive,+
throw,-
thud,-
thwart,-
timidity,-
tingle,+
tire,-
tired,-
tiresome,-
togetherness,+
toil,-
tolerable,-
tolerance,+
tolerant,+
tolerate,+
toleration,+
too,-
topmost,+
topple,-
torment,-
torrent,-
torturous,-
touchy,-
tradition,+
traditional,+
tragedy,-
tragic,-
train,+
traitor,-
tramp,-
trample,-
tranquil,+
tranquility,+
transgress,-
trap,-
trauma,-
traumatic,-
travel,+
treacherous,-
treachery,-
treason,-
treasonous,-
treasure,+
treat,+
treatise,+
treaty,+
tremendous,+
trespass,-
tribute,+
trick,-
triumph,+
triumphal,+
triumphant,+
trivial,-
trophy,+
trouble,-
troublesome,-
truant,-
trudge,-
true,+
trust,+
trustworthiness,+
trustworthy,+
truth,+
truthful,+
try,-
turbulent,-
turmoil,-
turn,-
twitch,-
tyranny,-
ugly,-
ultimatum,-
unaccustomed,-
unarm,-
unattractive,-
unauthentic,-
unavoidable,-
unbearable,-
unbelievable,-
unbound,+
unbroken,+
uncivil,-
unclean,-
unclear,-
uncomfortable,-
uncommon,+
uncouth,-
undependability,-
undependable,-
undermine,-
understand,+
understandable,+
understood,+
underworld,-
undesirable,-
undid,-
undignified,-
undo,-
undone,-
undoubted,+
undoubtedly,+
undue,-
uneasiness,-
uneasy,-
uneconomical,-
unemployed,-
unequal,-
uneven,-
unexpectedly,-
unfair,-
unfaithful,-
unfamiliar,-
unfavorable,-
unfeeling,-
unfit,-
unforeseen,-
unforgettable,+
unfortunate,-
unfriendly,-
ungrateful,-
unguarded,-
unhappiness,-
unhappy,-
unhealthy,-
unhurried,+
unimpeachable,+
unimportant,-
uninformed,-
unique,+
unity,+
unjust,-
unjustified,-
unkind,-
unlawful,-
unlimited,+
unlucky,-
unmoved,-
unnatural,-
unnecessary,-
unnerve,-
unnoticed,-
unobserved,-
unpleasant,-
unpopular,-
unprofitable,-
unqualified,-
unreasonable,-
unreliability,-
unreliable,-
unrest,-
unruly,-
unsafe,-
unsatisfactory,-
unscrupulous,-
unseen,-
unselfish,+
unsettling,-
unsound,-
unspeakable,-
unstable,-
unsteadiness,-
unsteady,-
unsuccessful,-
untimely,-
untouched,+
untrained,-
untrue,-
untrustworthy,-
untruth,-
unwilling,-
unwillingness,-
unwise,-
unworthy,-
upbeat,+
upfront,+
upgrade,+
upheaval,-
upheld,+
uphold,+
uplift,+
uppermost,+
upright,+
uprising,-
uproar,-
uproot,-
upset,-
upside,+
upward,+
usable,+
useful,+
usefulness,+
useless,-
usurp,-
utilitarian,+
utilization,+
utilize,+
utterance,-
uttermost,+
vagabond,-
vagrant,-
vague,-
vagueness,-
vain,-
valiant,+
valid,+
validity,+
valor,+
valuable,+
value,+
vanish,-
vanity,-
vanquish,+
vastness,+
vehement,-
venerable,+
venerate,+
vengeance,-
venom,-
venomous,-
verification,+
verify,+
veritable,+
versatile,+
versatility,+
veto,-
vex,-
vexation,-
vexing,-
viability,+
viable,+
vice,-
vicious,-
victorious,+
vie,-
vigilance,+
vigilant,+
vile,-
villain,-
violate,-
violation,-
violence,-
violent,-
viper,-
virtue,+
virtuous,+
visionary,+
visualization,+
vitality,+
vivacious,+
vivid,+
void,-
volatile,-
volatility,-
voluntary,+
vomit,-
vouchsafe,+
vulgar,-
wail,-
wait,-
wallow,-
wane,-
wanton,-
war,-
warfare,-
warlike,-
warm,+
warmhearted,+
warmth,+
warp,-
wary,-
waste,-
wasteful,-
wastefulness,-
wayward,-
weaken,-
wear,-
weariness,-
wearisome,-
wee,-
weed,-
weep,-
weird,-
welcome,+
welfare,+
well,+
wench,-
whack,-
whimper,-
whimsical,+
whine,-
whip,-
wholesome,+
wicked,-
wickedness,-
wild,-
willful,+
willing,+
willingness,+
wilt,-
wily,-
wince,-
wisdom,+
wise,+
witchcraft,-
withheld,-
withhold,-
witty,+
woe,-
woeful,-
wonder,+
wonderful,+
wondrous,+
woo,+
workable,+
workmanship,+
worn,-
worrier,-
worry,-
worse,-
worsen,-
worst,-
worth,+
worthiness,+
worthless,-
worthy,+
wound,-
wrath,-
wreck,-
wrestle,-
wretch,-
wretchedness,-
wrinkle,-
writhe,-
wrong,-
wrongful,-
wrought,-
yawn,-
yearn,-
yelp,-
zenith,+
zest,+